arquivo,caminho_completo,ano,mes,intensidade_media,mediana,desvio,percentual_valido,threshold_crescimento,pixels_nulos,pixels_nodata,pixels_outliers,total_pixels,total_com_dados
Ilhota_2014_02.tif,C:\Users\gtvargas\Documents\Ilhota_noturno\Raster\Ilhota_recorte\2014\Ilhota_2014_02.tif,2014,2,1.34,0.8,2.11,100.0,2.39,0,1158,0,2450,1292
Ilhota_2014_01.tif,C:\Users\gtvargas\Documents\Ilhota_noturno\Raster\Ilhota_recorte\2014\Ilhota_2014_01.tif,2014,1,1.1,0.6,2.24,97.21,2.22,35,1158,0,2450,1292
Ilhota_2014_03.tif,C:\Users\gtvargas\Documents\Ilhota_noturno\Raster\Ilhota_recorte\2014\Ilhota_2014_03.tif,2014,3,1.33,0.8,1.99,100.0,2.33,0,1158,0,2450,1292
Ilhota_2014_04.tif,C:\Users\gtvargas\Documents\Ilhota_noturno\Raster\Ilhota_recorte\2014\Ilhota_2014_04.tif,2014,4,1.46,0.8,2.65,100.0,2.79,0,1158,0,2450,1292
Ilhota_2014_06.tif,C:\Users\gtvargas\Documents\Ilhota_noturno\Raster\Ilhota_recorte\2014\Ilhota_2014_06.tif,2014,6,1.23,0.6,2.54,100.0,2.5,0,1158,0,2450,1292
Ilhota_2014_05.tif,C:\Users\gtvargas\Documents\Ilhota_noturno\Raster\Ilhota_recorte\2014\Ilhota_2014_05.tif,2014,5,1.32,0.8,2.07,100.0,2.35,0,1158,0,2450,1292
Ilhota_2014_07.tif,C:\Users\gtvargas\Documents\Ilhota_noturno\Raster\Ilhota_recorte\2014\Ilhota_2014_07.tif,2014,7,1.33,0.6,2.98,100.0,2.82,0,1158,0,2450,1292
Ilhota_2014_09.tif,C:\Users\gtvargas\Documents\Ilhota_noturno\Raster\Ilhota_recorte\2014\Ilhota_2014_09.tif,2014,9,1.42,0.8,2.02,100.0,2.43,0,1158,0,2450,1292
Ilhota_2014_08.tif,C:\Users\gtvargas\Documents\Ilhota_noturno\Raster\Ilhota_recorte\2014\Ilhota_2014_08.tif,2014,8,1.28,0.7,2.55,100.0,2.56,0,1158,0,2450,1292
Ilhota_2014_10.tif,C:\Users\gtvargas\Documents\Ilhota_noturno\Raster\Ilhota_recorte\2014\Ilhota_2014_10.tif,2014,10,1.65,0.9,2.85,100.0,3.08,0,1158,0,2450,1292
Ilhota_2014_12.tif,C:\Users\gtvargas\Documents\Ilhota_noturno\Raster\Ilhota_recorte\2014\Ilhota_2014_12.tif,2014,12,1.63,0.95,2.23,99.46,2.75,7,1158,0,2450,1292
Ilhota_2014_11.tif,C:\Users\gtvargas\Documents\Ilhota_noturno\Raster\Ilhota_recorte\2014\Ilhota_2014_11.tif,2014,11,1.52,0.85,2.45,100.0,2.74,0,1158,0,2450,1292
Ilhota_2015_03.tif,C:\Users\gtvargas\Documents\Ilhota_noturno\Raster\Ilhota_recorte\2015\Ilhota_2015_03.tif,2015,3,1.6,0.95,2.57,100.0,2.89,0,1158,0,2450,1292
Ilhota_2015_01.tif,C:\Users\gtvargas\Documents\Ilhota_noturno\Raster\Ilhota_recorte\2015\Ilhota_2015_01.tif,2015,1,1.42,0.8,2.24,100.0,2.54,0,1158,0,2450,1292
Ilhota_2015_02.tif,C:\Users\gtvargas\Documents\Ilhota_noturno\Raster\Ilhota_recorte\2015\Ilhota_2015_02.tif,2015,2,1.36,0.7,2.46,100.0,2.58,0,1158,0,2450,1292
Ilhota_2015_05.tif,C:\Users\gtvargas\Documents\Ilhota_noturno\Raster\Ilhota_recorte\2015\Ilhota_2015_05.tif,2015,5,1.44,0.8,2.0,100.0,2.44,0,1158,0,2450,1292
Ilhota_2015_04.tif,C:\Users\gtvargas\Documents\Ilhota_noturno\Raster\Ilhota_recorte\2015\Ilhota_2015_04.tif,2015,4,1.57,0.95,2.32,100.0,2.73,0,1158,0,2450,1292
Ilhota_2015_06.tif,C:\Users\gtvargas\Documents\Ilhota_noturno\Raster\Ilhota_recorte\2015\Ilhota_2015_06.tif,2015,6,1.38,0.8,2.37,100.0,2.56,0,1158,0,2450,1292
Ilhota_2015_07.tif,C:\Users\gtvargas\Documents\Ilhota_noturno\Raster\Ilhota_recorte\2015\Ilhota_2015_07.tif,2015,7,1.51,0.8,2.92,99.85,2.97,2,1158,0,2450,1292
Ilhota_2015_08.tif,C:\Users\gtvargas\Documents\Ilhota_noturno\Raster\Ilhota_recorte\2015\Ilhota_2015_08.tif,2015,8,1.3,0.65,1.87,99.61,2.23,5,1158,0,2450,1292
Ilhota_2015_11.tif,C:\Users\gtvargas\Documents\Ilhota_noturno\Raster\Ilhota_recorte\2015\Ilhota_2015_11.tif,2015,11,1.05,0.7,1.44,100.0,1.77,0,1158,0,2450,1292
Ilhota_2015_10.tif,C:\Users\gtvargas\Documents\Ilhota_noturno\Raster\Ilhota_recorte\2015\Ilhota_2015_10.tif,2015,10,2.67,1.3,2.78,96.75,4.06,42,1158,0,2450,1292
Ilhota_2015_09.tif,C:\Users\gtvargas\Documents\Ilhota_noturno\Raster\Ilhota_recorte\2015\Ilhota_2015_09.tif,2015,9,1.34,0.75,2.1,100.0,2.39,0,1158,0,2450,1292
Ilhota_2015_12.tif,C:\Users\gtvargas\Documents\Ilhota_noturno\Raster\Ilhota_recorte\2015\Ilhota_2015_12.tif,2015,12,1.45,0.9,1.59,99.3,2.25,2,1158,0,2450,1292
Ilhota_2016_02.tif,C:\Users\gtvargas\Documents\Ilhota_noturno\Raster\Ilhota_recorte\2016\Ilhota_2016_02.tif,2016,2,1.47,0.95,1.82,98.68,2.38,2,1158,0,2450,1292
Ilhota_2016_01.tif,C:\Users\gtvargas\Documents\Ilhota_noturno\Raster\Ilhota_recorte\2016\Ilhota_2016_01.tif,2016,1,1.21,0.55,2.43,99.23,2.43,10,1158,0,2450,1292
Ilhota_2016_03.tif,C:\Users\gtvargas\Documents\Ilhota_noturno\Raster\Ilhota_recorte\2016\Ilhota_2016_03.tif,2016,3,1.56,0.9,2.61,100.0,2.86,0,1158,0,2450,1292
Ilhota_2016_05.tif,C:\Users\gtvargas\Documents\Ilhota_noturno\Raster\Ilhota_recorte\2016\Ilhota_2016_05.tif,2016,5,1.4,0.7,2.91,100.0,2.86,0,1158,0,2450,1292
Ilhota_2016_04.tif,C:\Users\gtvargas\Documents\Ilhota_noturno\Raster\Ilhota_recorte\2016\Ilhota_2016_04.tif,2016,4,1.5,0.75,2.44,100.0,2.72,0,1158,0,2450,1292
Ilhota_2016_06.tif,C:\Users\gtvargas\Documents\Ilhota_noturno\Raster\Ilhota_recorte\2016\Ilhota_2016_06.tif,2016,6,1.28,0.6,2.65,100.0,2.61,0,1158,0,2450,1292
Ilhota_2016_08.tif,C:\Users\gtvargas\Documents\Ilhota_noturno\Raster\Ilhota_recorte\2016\Ilhota_2016_08.tif,2016,8,1.26,0.5,2.81,100.0,2.67,0,1158,0,2450,1292
Ilhota_2016_07.tif,C:\Users\gtvargas\Documents\Ilhota_noturno\Raster\Ilhota_recorte\2016\Ilhota_2016_07.tif,2016,7,1.29,0.6,2.95,100.0,2.76,0,1158,0,2450,1292
Ilhota_2016_10.tif,C:\Users\gtvargas\Documents\Ilhota_noturno\Raster\Ilhota_recorte\2016\Ilhota_2016_10.tif,2016,10,2.22,1.4,2.18,93.81,3.31,3,1158,0,2450,1292
Ilhota_2016_09.tif,C:\Users\gtvargas\Documents\Ilhota_noturno\Raster\Ilhota_recorte\2016\Ilhota_2016_09.tif,2016,9,1.49,0.7,2.84,100.0,2.9,0,1158,0,2450,1292
Ilhota_2016_11.tif,C:\Users\gtvargas\Documents\Ilhota_noturno\Raster\Ilhota_recorte\2016\Ilhota_2016_11.tif,2016,11,1.67,0.93,2.55,100.0,2.94,0,1158,0,2450,1292
Ilhota_2017_01.tif,C:\Users\gtvargas\Documents\Ilhota_noturno\Raster\Ilhota_recorte\2017\Ilhota_2017_01.tif,2017,1,1.3,0.7,2.69,100.0,2.64,0,1158,0,2450,1292
Ilhota_2016_12.tif,C:\Users\gtvargas\Documents\Ilhota_noturno\Raster\Ilhota_recorte\2016\Ilhota_2016_12.tif,2016,12,1.47,0.9,1.63,100.0,2.28,0,1158,0,2450,1292
Ilhota_2017_03.tif,C:\Users\gtvargas\Documents\Ilhota_noturno\Raster\Ilhota_recorte\2017\Ilhota_2017_03.tif,2017,3,1.16,0.65,1.89,100.0,2.1,0,1158,0,2450,1292
Ilhota_2017_02.tif,C:\Users\gtvargas\Documents\Ilhota_noturno\Raster\Ilhota_recorte\2017\Ilhota_2017_02.tif,2017,2,1.4,0.8,2.01,100.0,2.4,0,1158,0,2450,1292
Ilhota_2017_04.tif,C:\Users\gtvargas\Documents\Ilhota_noturno\Raster\Ilhota_recorte\2017\Ilhota_2017_04.tif,2017,4,1.46,0.85,1.91,100.0,2.41,0,1158,0,2450,1292
Ilhota_2017_05.tif,C:\Users\gtvargas\Documents\Ilhota_noturno\Raster\Ilhota_recorte\2017\Ilhota_2017_05.tif,2017,5,1.43,0.7,2.12,100.0,2.49,0,1158,0,2450,1292
Ilhota_2017_07.tif,C:\Users\gtvargas\Documents\Ilhota_noturno\Raster\Ilhota_recorte\2017\Ilhota_2017_07.tif,2017,7,1.58,0.8,2.19,100.0,2.67,0,1158,0,2450,1292
Ilhota_2017_06.tif,C:\Users\gtvargas\Documents\Ilhota_noturno\Raster\Ilhota_recorte\2017\Ilhota_2017_06.tif,2017,6,1.37,0.8,1.96,99.69,2.35,4,1158,0,2450,1292
Ilhota_2017_09.tif,C:\Users\gtvargas\Documents\Ilhota_noturno\Raster\Ilhota_recorte\2017\Ilhota_2017_09.tif,2017,9,1.64,1.0,2.05,99.92,2.67,1,1158,0,2450,1292
Ilhota_2017_08.tif,C:\Users\gtvargas\Documents\Ilhota_noturno\Raster\Ilhota_recorte\2017\Ilhota_2017_08.tif,2017,8,1.24,0.6,2.03,99.69,2.25,4,1158,0,2450,1292
Ilhota_2017_10.tif,C:\Users\gtvargas\Documents\Ilhota_noturno\Raster\Ilhota_recorte\2017\Ilhota_2017_10.tif,2017,10,1.49,0.85,2.21,100.0,2.6,0,1158,0,2450,1292
Ilhota_2017_11.tif,C:\Users\gtvargas\Documents\Ilhota_noturno\Raster\Ilhota_recorte\2017\Ilhota_2017_11.tif,2017,11,1.64,0.8,2.72,100.0,3.0,0,1158,0,2450,1292
Ilhota_2018_01.tif,C:\Users\gtvargas\Documents\Ilhota_noturno\Raster\Ilhota_recorte\2018\Ilhota_2018_01.tif,2018,1,1.58,0.8,2.64,99.07,2.9,12,1158,0,2450,1292
Ilhota_2017_12.tif,C:\Users\gtvargas\Documents\Ilhota_noturno\Raster\Ilhota_recorte\2017\Ilhota_2017_12.tif,2017,12,1.81,1.0,2.36,100.0,2.99,0,1158,0,2450,1292
Ilhota_2018_03.tif,C:\Users\gtvargas\Documents\Ilhota_noturno\Raster\Ilhota_recorte\2018\Ilhota_2018_03.tif,2018,3,1.48,0.95,1.58,99.69,2.27,4,1158,0,2450,1292
Ilhota_2018_02.tif,C:\Users\gtvargas\Documents\Ilhota_noturno\Raster\Ilhota_recorte\2018\Ilhota_2018_02.tif,2018,2,1.61,0.85,2.66,100.0,2.94,0,1158,0,2450,1292
Ilhota_2018_05.tif,C:\Users\gtvargas\Documents\Ilhota_noturno\Raster\Ilhota_recorte\2018\Ilhota_2018_05.tif,2018,5,1.75,1.05,2.22,100.0,2.86,0,1158,0,2450,1292
Ilhota_2018_06.tif,C:\Users\gtvargas\Documents\Ilhota_noturno\Raster\Ilhota_recorte\2018\Ilhota_2018_06.tif,2018,6,1.45,0.8,2.32,100.0,2.61,0,1158,0,2450,1292
Ilhota_2018_07.tif,C:\Users\gtvargas\Documents\Ilhota_noturno\Raster\Ilhota_recorte\2018\Ilhota_2018_07.tif,2018,7,1.77,0.9,2.72,100.0,3.13,0,1158,0,2450,1292
Ilhota_2018_04.tif,C:\Users\gtvargas\Documents\Ilhota_noturno\Raster\Ilhota_recorte\2018\Ilhota_2018_04.tif,2018,4,1.61,0.8,2.76,100.0,2.99,0,1158,0,2450,1292
Ilhota_2018_08.tif,C:\Users\gtvargas\Documents\Ilhota_noturno\Raster\Ilhota_recorte\2018\Ilhota_2018_08.tif,2018,8,1.62,0.7,2.71,100.0,2.97,0,1158,0,2450,1292
Ilhota_2018_10.tif,C:\Users\gtvargas\Documents\Ilhota_noturno\Raster\Ilhota_recorte\2018\Ilhota_2018_10.tif,2018,10,1.48,0.85,2.29,99.85,2.63,2,1158,0,2450,1292
Ilhota_2018_12.tif,C:\Users\gtvargas\Documents\Ilhota_noturno\Raster\Ilhota_recorte\2018\Ilhota_2018_12.tif,2018,12,1.59,0.9,2.17,100.0,2.67,0,1158,0,2450,1292
Ilhota_2018_11.tif,C:\Users\gtvargas\Documents\Ilhota_noturno\Raster\Ilhota_recorte\2018\Ilhota_2018_11.tif,2018,11,1.41,0.8,2.26,100.0,2.54,0,1158,0,2450,1292
Ilhota_2018_09.tif,C:\Users\gtvargas\Documents\Ilhota_noturno\Raster\Ilhota_recorte\2018\Ilhota_2018_09.tif,2018,9,1.8,0.9,2.85,100.0,3.23,0,1158,0,2450,1292
Ilhota_2019_01.tif,C:\Users\gtvargas\Documents\Ilhota_noturno\Raster\Ilhota_recorte\2019\Ilhota_2019_01.tif,2019,1,1.57,0.9,3.02,100.0,3.08,0,1158,0,2450,1292
Ilhota_2019_02.tif,C:\Users\gtvargas\Documents\Ilhota_noturno\Raster\Ilhota_recorte\2019\Ilhota_2019_02.tif,2019,2,1.6,0.9,2.24,100.0,2.72,0,1158,0,2450,1292
Ilhota_2019_04.tif,C:\Users\gtvargas\Documents\Ilhota_noturno\Raster\Ilhota_recorte\2019\Ilhota_2019_04.tif,2019,4,1.89,1.0,3.1,100.0,3.44,0,1158,0,2450,1292
Ilhota_2019_03.tif,C:\Users\gtvargas\Documents\Ilhota_noturno\Raster\Ilhota_recorte\2019\Ilhota_2019_03.tif,2019,3,1.58,0.85,2.16,100.0,2.66,0,1158,0,2450,1292
Ilhota_2019_07.tif,C:\Users\gtvargas\Documents\Ilhota_noturno\Raster\Ilhota_recorte\2019\Ilhota_2019_07.tif,2019,7,1.73,0.8,3.08,100.0,3.27,0,1158,0,2450,1292
Ilhota_2019_06.tif,C:\Users\gtvargas\Documents\Ilhota_noturno\Raster\Ilhota_recorte\2019\Ilhota_2019_06.tif,2019,6,1.88,0.95,2.93,100.0,3.35,0,1158,0,2450,1292
Ilhota_2019_05.tif,C:\Users\gtvargas\Documents\Ilhota_noturno\Raster\Ilhota_recorte\2019\Ilhota_2019_05.tif,2019,5,1.83,1.0,3.58,99.85,3.62,2,1158,0,2450,1292
Ilhota_2019_09.tif,C:\Users\gtvargas\Documents\Ilhota_noturno\Raster\Ilhota_recorte\2019\Ilhota_2019_09.tif,2019,9,1.54,0.9,1.95,100.0,2.52,0,1158,0,2450,1292
Ilhota_2019_11.tif,C:\Users\gtvargas\Documents\Ilhota_noturno\Raster\Ilhota_recorte\2019\Ilhota_2019_11.tif,2019,11,1.68,0.95,2.43,100.0,2.9,0,1158,0,2450,1292
Ilhota_2019_08.tif,C:\Users\gtvargas\Documents\Ilhota_noturno\Raster\Ilhota_recorte\2019\Ilhota_2019_08.tif,2019,8,1.52,0.8,1.87,100.0,2.45,0,1158,0,2450,1292
Ilhota_2019_10.tif,C:\Users\gtvargas\Documents\Ilhota_noturno\Raster\Ilhota_recorte\2019\Ilhota_2019_10.tif,2019,10,2.01,1.2,2.03,99.61,3.02,0,1158,0,2450,1292
Ilhota_2019_12.tif,C:\Users\gtvargas\Documents\Ilhota_noturno\Raster\Ilhota_recorte\2019\Ilhota_2019_12.tif,2019,12,1.8,1.0,2.45,100.0,3.02,0,1158,0,2450,1292
Ilhota_2020_02.tif,C:\Users\gtvargas\Documents\Ilhota_noturno\Raster\Ilhota_recorte\2020\Ilhota_2020_02.tif,2020,2,1.67,1.05,1.68,100.0,2.51,0,1158,0,2450,1292
Ilhota_2020_01.tif,C:\Users\gtvargas\Documents\Ilhota_noturno\Raster\Ilhota_recorte\2020\Ilhota_2020_01.tif,2020,1,1.84,0.95,2.72,100.0,3.2,0,1158,0,2450,1292
Ilhota_2020_03.tif,C:\Users\gtvargas\Documents\Ilhota_noturno\Raster\Ilhota_recorte\2020\Ilhota_2020_03.tif,2020,3,1.66,0.9,2.24,100.0,2.78,0,1158,0,2450,1292
Ilhota_2020_04.tif,C:\Users\gtvargas\Documents\Ilhota_noturno\Raster\Ilhota_recorte\2020\Ilhota_2020_04.tif,2020,4,1.79,0.8,3.19,100.0,3.38,0,1158,0,2450,1292
Ilhota_2020_05.tif,C:\Users\gtvargas\Documents\Ilhota_noturno\Raster\Ilhota_recorte\2020\Ilhota_2020_05.tif,2020,5,1.78,0.8,3.54,100.0,3.55,0,1158,0,2450,1292
Ilhota_2020_08.tif,C:\Users\gtvargas\Documents\Ilhota_noturno\Raster\Ilhota_recorte\2020\Ilhota_2020_08.tif,2020,8,1.57,0.6,2.46,100.0,2.8,0,1158,0,2450,1292
Ilhota_2020_07.tif,C:\Users\gtvargas\Documents\Ilhota_noturno\Raster\Ilhota_recorte\2020\Ilhota_2020_07.tif,2020,7,1.27,0.4,2.56,99.61,2.55,5,1158,0,2450,1292
Ilhota_2020_06.tif,C:\Users\gtvargas\Documents\Ilhota_noturno\Raster\Ilhota_recorte\2020\Ilhota_2020_06.tif,2020,6,1.37,0.7,1.98,100.0,2.36,0,1158,0,2450,1292
Ilhota_2020_12.tif,C:\Users\gtvargas\Documents\Ilhota_noturno\Raster\Ilhota_recorte\2020\Ilhota_2020_12.tif,2020,12,1.72,0.9,2.43,99.77,2.94,3,1158,0,2450,1292
Ilhota_2020_09.tif,C:\Users\gtvargas\Documents\Ilhota_noturno\Raster\Ilhota_recorte\2020\Ilhota_2020_09.tif,2020,9,2.03,1.05,2.17,98.76,3.12,0,1158,0,2450,1292
Ilhota_2020_11.tif,C:\Users\gtvargas\Documents\Ilhota_noturno\Raster\Ilhota_recorte\2020\Ilhota_2020_11.tif,2020,11,1.69,0.8,2.86,99.85,3.12,2,1158,0,2450,1292
Ilhota_2021_02.tif,C:\Users\gtvargas\Documents\Ilhota_noturno\Raster\Ilhota_recorte\2021\Ilhota_2021_02.tif,2021,2,1.64,0.7,3.14,100.0,3.21,0,1158,0,2450,1292
Ilhota_2020_10.tif,C:\Users\gtvargas\Documents\Ilhota_noturno\Raster\Ilhota_recorte\2020\Ilhota_2020_10.tif,2020,10,1.85,0.95,2.16,100.0,2.93,0,1158,0,2450,1292
Ilhota_2021_01.tif,C:\Users\gtvargas\Documents\Ilhota_noturno\Raster\Ilhota_recorte\2021\Ilhota_2021_01.tif,2021,1,1.58,0.8,2.37,99.85,2.77,2,1158,0,2450,1292
Ilhota_2021_04.tif,C:\Users\gtvargas\Documents\Ilhota_noturno\Raster\Ilhota_recorte\2021\Ilhota_2021_04.tif,2021,4,1.65,0.75,2.79,100.0,3.05,0,1158,0,2450,1292
Ilhota_2021_03.tif,C:\Users\gtvargas\Documents\Ilhota_noturno\Raster\Ilhota_recorte\2021\Ilhota_2021_03.tif,2021,3,1.7,0.9,2.42,100.0,2.91,0,1158,0,2450,1292
Ilhota_2021_05.tif,C:\Users\gtvargas\Documents\Ilhota_noturno\Raster\Ilhota_recorte\2021\Ilhota_2021_05.tif,2021,5,1.74,0.8,2.93,100.0,3.21,0,1158,0,2450,1292
Ilhota_2021_06.tif,C:\Users\gtvargas\Documents\Ilhota_noturno\Raster\Ilhota_recorte\2021\Ilhota_2021_06.tif,2021,6,1.69,0.8,2.74,100.0,3.06,0,1158,0,2450,1292
Ilhota_2021_07.tif,C:\Users\gtvargas\Documents\Ilhota_noturno\Raster\Ilhota_recorte\2021\Ilhota_2021_07.tif,2021,7,1.67,0.65,3.23,100.0,3.28,0,1158,0,2450,1292
Ilhota_2021_10.tif,C:\Users\gtvargas\Documents\Ilhota_noturno\Raster\Ilhota_recorte\2021\Ilhota_2021_10.tif,2021,10,2.94,0.85,41.92,99.07,23.9,8,1158,1,2450,1292
Ilhota_2021_08.tif,C:\Users\gtvargas\Documents\Ilhota_noturno\Raster\Ilhota_recorte\2021\Ilhota_2021_08.tif,2021,8,1.52,0.8,1.7,100.0,2.37,0,1158,0,2450,1292
Ilhota_2021_11.tif,C:\Users\gtvargas\Documents\Ilhota_noturno\Raster\Ilhota_recorte\2021\Ilhota_2021_11.tif,2021,11,1.62,0.95,1.62,100.0,2.43,0,1158,0,2450,1292
Ilhota_2021_09.tif,C:\Users\gtvargas\Documents\Ilhota_noturno\Raster\Ilhota_recorte\2021\Ilhota_2021_09.tif,2021,9,1.77,1.0,2.21,100.0,2.87,0,1158,0,2450,1292
Ilhota_2022_01.tif,C:\Users\gtvargas\Documents\Ilhota_noturno\Raster\Ilhota_recorte\2022\Ilhota_2022_01.tif,2022,1,1.72,0.9,2.39,100.0,2.92,0,1158,0,2450,1292
Ilhota_2022_02.tif,C:\Users\gtvargas\Documents\Ilhota_noturno\Raster\Ilhota_recorte\2022\Ilhota_2022_02.tif,2022,2,1.97,1.05,2.74,100.0,3.35,0,1158,0,2450,1292
Ilhota_2021_12.tif,C:\Users\gtvargas\Documents\Ilhota_noturno\Raster\Ilhota_recorte\2021\Ilhota_2021_12.tif,2021,12,1.99,1.0,2.8,100.0,3.4,0,1158,0,2450,1292
Ilhota_2022_03.tif,C:\Users\gtvargas\Documents\Ilhota_noturno\Raster\Ilhota_recorte\2022\Ilhota_2022_03.tif,2022,3,2.31,1.4,2.24,100.0,3.43,0,1158,0,2450,1292
Ilhota_2022_04.tif,C:\Users\gtvargas\Documents\Ilhota_noturno\Raster\Ilhota_recorte\2022\Ilhota_2022_04.tif,2022,4,2.1,1.2,2.75,99.77,3.47,3,1158,0,2450,1292
Ilhota_2022_05.tif,C:\Users\gtvargas\Documents\Ilhota_noturno\Raster\Ilhota_recorte\2022\Ilhota_2022_05.tif,2022,5,2.01,1.1,2.47,100.0,3.24,0,1158,0,2450,1292
Ilhota_2022_07.tif,C:\Users\gtvargas\Documents\Ilhota_noturno\Raster\Ilhota_recorte\2022\Ilhota_2022_07.tif,2022,7,2.03,1.25,2.01,100.0,3.04,0,1158,0,2450,1292
Ilhota_2022_06.tif,C:\Users\gtvargas\Documents\Ilhota_noturno\Raster\Ilhota_recorte\2022\Ilhota_2022_06.tif,2022,6,2.14,1.1,2.79,100.0,3.54,0,1158,0,2450,1292
Ilhota_2022_09.tif,C:\Users\gtvargas\Documents\Ilhota_noturno\Raster\Ilhota_recorte\2022\Ilhota_2022_09.tif,2022,9,2.17,1.2,2.6,100.0,3.46,0,1158,0,2450,1292
Ilhota_2022_08.tif,C:\Users\gtvargas\Documents\Ilhota_noturno\Raster\Ilhota_recorte\2022\Ilhota_2022_08.tif,2022,8,2.65,1.7,2.61,100.0,3.95,0,1158,0,2450,1292
Ilhota_2022_10.tif,C:\Users\gtvargas\Documents\Ilhota_noturno\Raster\Ilhota_recorte\2022\Ilhota_2022_10.tif,2022,10,1.92,1.2,1.98,100.0,2.9,0,1158,0,2450,1292
Ilhota_2022_12.tif,C:\Users\gtvargas\Documents\Ilhota_noturno\Raster\Ilhota_recorte\2022\Ilhota_2022_12.tif,2022,12,2.17,1.3,2.36,100.0,3.35,0,1158,0,2450,1292
Ilhota_2022_11.tif,C:\Users\gtvargas\Documents\Ilhota_noturno\Raster\Ilhota_recorte\2022\Ilhota_2022_11.tif,2022,11,2.26,1.15,3.16,100.0,3.84,0,1158,0,2450,1292
Ilhota_2023_01.tif,C:\Users\gtvargas\Documents\Ilhota_noturno\Raster\Ilhota_recorte\2023\Ilhota_2023_01.tif,2023,1,2.05,1.2,2.36,100.0,3.23,0,1158,0,2450,1292
Ilhota_2023_02.tif,C:\Users\gtvargas\Documents\Ilhota_noturno\Raster\Ilhota_recorte\2023\Ilhota_2023_02.tif,2023,2,1.91,1.1,2.31,100.0,3.06,0,1158,0,2450,1292
Ilhota_2023_03.tif,C:\Users\gtvargas\Documents\Ilhota_noturno\Raster\Ilhota_recorte\2023\Ilhota_2023_03.tif,2023,3,1.91,1.2,2.02,100.0,2.92,0,1158,0,2450,1292
Ilhota_2023_04.tif,C:\Users\gtvargas\Documents\Ilhota_noturno\Raster\Ilhota_recorte\2023\Ilhota_2023_04.tif,2023,4,2.26,1.4,2.31,100.0,3.41,0,1158,0,2450,1292
Ilhota_2023_05.tif,C:\Users\gtvargas\Documents\Ilhota_noturno\Raster\Ilhota_recorte\2023\Ilhota_2023_05.tif,2023,5,2.13,1.3,2.62,100.0,3.44,0,1158,0,2450,1292
Ilhota_2023_07.tif,C:\Users\gtvargas\Documents\Ilhota_noturno\Raster\Ilhota_recorte\2023\Ilhota_2023_07.tif,2023,7,2.28,1.3,3.36,100.0,3.96,0,1158,0,2450,1292
Ilhota_2023_09.tif,C:\Users\gtvargas\Documents\Ilhota_noturno\Raster\Ilhota_recorte\2023\Ilhota_2023_09.tif,2023,9,2.02,1.25,2.92,99.77,3.48,3,1158,0,2450,1292
Ilhota_2023_06.tif,C:\Users\gtvargas\Documents\Ilhota_noturno\Raster\Ilhota_recorte\2023\Ilhota_2023_06.tif,2023,6,2.23,1.15,3.2,100.0,3.83,0,1158,0,2450,1292
Ilhota_2023_08.tif,C:\Users\gtvargas\Documents\Ilhota_noturno\Raster\Ilhota_recorte\2023\Ilhota_2023_08.tif,2023,8,2.24,1.3,2.42,100.0,3.45,0,1158,0,2450,1292
Ilhota_2023_10.tif,C:\Users\gtvargas\Documents\Ilhota_noturno\Raster\Ilhota_recorte\2023\Ilhota_2023_10.tif,2023,10,3.93,3.7,2.09,45.9,4.97,37,1158,0,2450,1292
Ilhota_2023_11.tif,C:\Users\gtvargas\Documents\Ilhota_noturno\Raster\Ilhota_recorte\2023\Ilhota_2023_11.tif,2023,11,2.34,1.55,2.73,100.0,3.71,0,1158,0,2450,1292
Ilhota_2024_01.tif,C:\Users\gtvargas\Documents\Ilhota_noturno\Raster\Ilhota_recorte\2024\Ilhota_2024_01.tif,2024,1,2.08,1.4,2.05,100.0,3.1,0,1158,0,2450,1292
Ilhota_2024_02.tif,C:\Users\gtvargas\Documents\Ilhota_noturno\Raster\Ilhota_recorte\2024\Ilhota_2024_02.tif,2024,2,2.29,1.6,1.98,100.0,3.28,0,1158,0,2450,1292
Ilhota_2023_12.tif,C:\Users\gtvargas\Documents\Ilhota_noturno\Raster\Ilhota_recorte\2023\Ilhota_2023_12.tif,2023,12,2.06,1.25,2.16,100.0,3.14,0,1158,0,2450,1292
Ilhota_2024_03.tif,C:\Users\gtvargas\Documents\Ilhota_noturno\Raster\Ilhota_recorte\2024\Ilhota_2024_03.tif,2024,3,2.56,1.5,3.15,100.0,4.13,0,1158,0,2450,1292
Ilhota_2024_04.tif,C:\Users\gtvargas\Documents\Ilhota_noturno\Raster\Ilhota_recorte\2024\Ilhota_2024_04.tif,2024,4,2.22,1.3,2.67,100.0,3.55,0,1158,0,2450,1292
Ilhota_2024_05.tif,C:\Users\gtvargas\Documents\Ilhota_noturno\Raster\Ilhota_recorte\2024\Ilhota_2024_05.tif,2024,5,2.09,1.1,2.56,100.0,3.37,0,1158,0,2450,1292
Ilhota_2024_06.tif,C:\Users\gtvargas\Documents\Ilhota_noturno\Raster\Ilhota_recorte\2024\Ilhota_2024_06.tif,2024,6,2.21,1.2,3.22,100.0,3.82,0,1158,0,2450,1292
Ilhota_2024_07.tif,C:\Users\gtvargas\Documents\Ilhota_noturno\Raster\Ilhota_recorte\2024\Ilhota_2024_07.tif,2024,7,1.9,1.0,2.32,100.0,3.06,0,1158,0,2450,1292
Ilhota_2024_08.tif,C:\Users\gtvargas\Documents\Ilhota_noturno\Raster\Ilhota_recorte\2024\Ilhota_2024_08.tif,2024,8,2.13,1.2,2.67,100.0,3.46,0,1158,0,2450,1292
Ilhota_2024_09.tif,C:\Users\gtvargas\Documents\Ilhota_noturno\Raster\Ilhota_recorte\2024\Ilhota_2024_09.tif,2024,9,1.89,1.3,1.77,100.0,2.78,0,1158,0,2450,1292
Ilhota_2024_10.tif,C:\Users\gtvargas\Documents\Ilhota_noturno\Raster\Ilhota_recorte\2024\Ilhota_2024_10.tif,2024,10,2.41,1.65,1.91,99.77,3.36,0,1158,0,2450,1292
Ilhota_2024_11.tif,C:\Users\gtvargas\Documents\Ilhota_noturno\Raster\Ilhota_recorte\2024\Ilhota_2024_11.tif,2024,11,2.91,1.88,3.02,100.0,4.42,0,1158,0,2450,1292
Ilhota_2024_12.tif,C:\Users\gtvargas\Documents\Ilhota_noturno\Raster\Ilhota_recorte\2024\Ilhota_2024_12.tif,2024,12,2.15,1.2,2.7,93.58,3.5,83,1158,0,2450,1292
